<?xml version="1.0" encoding="UTF-8"?>
<jcr:root xmlns:sling="http://sling.apache.org/jcr/sling/1.0" xmlns:cq="http://www.day.com/jcr/cq/1.0" xmlns:jcr="http://www.jcp.org/jcr/1.0" xmlns:nt="http://www.jcp.org/jcr/nt/1.0"
    jcr:primaryType="nt:unstructured"
    jcr:title="Content Panel 1"
    sling:resourceType="cq/gui/components/authoring/dialog">
    <content
        jcr:primaryType="nt:unstructured"
        sling:resourceType="granite/ui/components/coral/foundation/container">
        <items jcr:primaryType="nt:unstructured">
            <tabs
                jcr:primaryType="nt:unstructured"
                sling:resourceType="granite/ui/components/coral/foundation/tabs"
                maximized="{Boolean}true">
                <items jcr:primaryType="nt:unstructured">
                    <panelConfigs
                        jcr:primaryType="nt:unstructured"
                        jcr:title="Content"
                        sling:resourceType="granite/ui/components/coral/foundation/fixedcolumns"
                        margin="{Boolean}true">
                        <items jcr:primaryType="nt:unstructured">
                            <column
                                jcr:primaryType="nt:unstructured"
                                sling:resourceType="granite/ui/components/coral/foundation/container">
                                <items jcr:primaryType="nt:unstructured">
                                    <title
                                        jcr:primaryType="nt:unstructured"
                                        sling:resourceType="granite/ui/components/coral/foundation/form/textfield"
                                        fieldDescription="Enter the panel title"
                                        fieldLabel="Title"
                                        name="./title"/>
                                    <fontSize
                                        jcr:primaryType="nt:unstructured"
                                        sling:resourceType="granite/ui/components/foundation/form/select"
                                        fieldDescription="Choose the title tag."
                                        fieldLabel="Title Tag"
                                        name="./fontSize">
                                        <items jcr:primaryType="nt:unstructured">
                                            <h1
                                                jcr:primaryType="nt:unstructured"
                                                text="H1"
                                                value="h1"/>
                                            <h2
                                                jcr:primaryType="nt:unstructured"
                                                text="H2"
                                                value="h2"/>
                                            <h3
                                                jcr:primaryType="nt:unstructured"
                                                text="H3"
                                                value="h3"/>
                                            <h4
                                                jcr:primaryType="nt:unstructured"
                                                text="H4"
                                                value="h4"/>
											<h5
                                                jcr:primaryType="nt:unstructured"
                                                text="H5"
                                                value="h5"/>
											<h6
                                                jcr:primaryType="nt:unstructured"
                                                text="H6"
                                                value="h6"/>
                                        </items>
                                    </fontSize>
                                    <desc
                                        jcr:primaryType="nt:unstructured"
                                        sling:resourceType="cq/gui/components/authoring/dialog/richtext"
                                        fieldDescription="Enter the body content.Recommended character length: 200"
                                        fieldLabel="Body content"
                                        name="./desc"
                                        useFixedInlineToolbar="{Boolean}true">
                                        <rtePlugins jcr:primaryType="nt:unstructured">
                                            <format
                                                jcr:primaryType="nt:unstructured"
                                                features="bold,italic"/>
                                            <justify
                                                jcr:primaryType="nt:unstructured"
                                                features="-"/>
                                            <links
                                                jcr:primaryType="nt:unstructured"
                                                features="modifylink,unlink"/>
                                            <lists
                                                jcr:primaryType="nt:unstructured"
                                                features="*"/>
                                            <misctools jcr:primaryType="nt:unstructured">
                                                <specialCharsConfig jcr:primaryType="nt:unstructured">
                                                    <chars jcr:primaryType="nt:unstructured">
                                                        <default_copyright
                                                            jcr:primaryType="nt:unstructured"
                                                            entity="&amp;copy;"
                                                            name="copyright"/>
                                                        <default_euro
                                                            jcr:primaryType="nt:unstructured"
                                                            entity="&amp;euro;"
                                                            name="euro"/>
                                                        <default_registered
                                                            jcr:primaryType="nt:unstructured"
                                                            entity="&amp;reg;"
                                                            name="registered"/>
                                                        <default_trademark
                                                            jcr:primaryType="nt:unstructured"
                                                            entity="&amp;trade;"
                                                            name="trademark"/>
                                                    </chars>
                                                </specialCharsConfig>
                                            </misctools>
                                            <paraformat
                                                jcr:primaryType="nt:unstructured"
                                                features="*">
                                                <formats jcr:primaryType="nt:unstructured">
                                                    <default_p
                                                        jcr:primaryType="nt:unstructured"
                                                        description="Paragraph"
                                                        tag="p"/>
                                                    <default_h1
                                                        jcr:primaryType="nt:unstructured"
                                                        description="Heading 1"
                                                        tag="h1"/>
                                                    <default_h2
                                                        jcr:primaryType="nt:unstructured"
                                                        description="Heading 2"
                                                        tag="h2"/>
                                                    <default_h3
                                                        jcr:primaryType="nt:unstructured"
                                                        description="Heading 3"
                                                        tag="h3"/>
                                                    <default_h4
                                                        jcr:primaryType="nt:unstructured"
                                                        description="Heading 4"
                                                        tag="h4"/>
                                                    <default_h5
                                                        jcr:primaryType="nt:unstructured"
                                                        description="Heading 5"
                                                        tag="h5"/>
                                                    <default_h6
                                                        jcr:primaryType="nt:unstructured"
                                                        description="Heading 6"
                                                        tag="h6"/>
                                                    <default_blockquote
                                                        jcr:primaryType="nt:unstructured"
                                                        description="Quote"
                                                        tag="blockquote"/>
                                                    <default_pre
                                                        jcr:primaryType="nt:unstructured"
                                                        description="Preformatted"
                                                        tag="pre"/>
                                                </formats>
                                            </paraformat>
                                            <table
                                                jcr:primaryType="nt:unstructured"
                                                features="-">
                                                <hiddenHeaderConfig
                                                    jcr:primaryType="nt:unstructured"
                                                    hiddenHeaderClassName="cq-wcm-foundation-aria-visuallyhidden"
                                                    hiddenHeaderEditingCSS="cq-RichText-hiddenHeader--editing"/>
                                            </table>
                                            <tracklinks
                                                jcr:primaryType="nt:unstructured"
                                                features="*"/>
                                        </rtePlugins>
                                        <uiSettings jcr:primaryType="nt:unstructured">
                                            <cui jcr:primaryType="nt:unstructured">
                                                <inline
                                                    jcr:primaryType="nt:unstructured"
                                                    toolbar="[format#bold,format#italic,format#underline,#justify,#lists,links#modifylink,links#unlink,#paraformat]">
                                                    <popovers jcr:primaryType="nt:unstructured">
                                                        <justify
                                                            jcr:primaryType="nt:unstructured"
                                                            items="[justify#justifyleft,justify#justifycenter,justify#justifyright]"
                                                            ref="justify"/>
                                                        <lists
                                                            jcr:primaryType="nt:unstructured"
                                                            items="[lists#unordered,lists#ordered,lists#outdent,lists#indent]"
                                                            ref="lists"/>
                                                        <paraformat
                                                            jcr:primaryType="nt:unstructured"
                                                            items="paraformat:getFormats:paraformat-pulldown"
                                                            ref="paraformat"/>
                                                    </popovers>
                                                </inline>
                                                <dialogFullScreen
                                                    jcr:primaryType="nt:unstructured"
                                                    toolbar="[format#bold,format#italic,format#underline,justify#justifyleft,justify#justifycenter,justify#justifyright,lists#unordered,lists#ordered,lists#outdent,lists#indent,links#modifylink,links#unlink,table#createoredit,#paraformat,image#imageProps]">
                                                    <popovers jcr:primaryType="nt:unstructured">
                                                        <paraformat
                                                            jcr:primaryType="nt:unstructured"
                                                            items="paraformat:getFormats:paraformat-pulldown"
                                                            ref="paraformat"/>
                                                    </popovers>
                                                </dialogFullScreen>
                                                <tableEditOptions
                                                    jcr:primaryType="nt:unstructured"
                                                    toolbar="[table#insertcolumn-before,table#insertcolumn-after,table#removecolumn,-,table#insertrow-before,table#insertrow-after,table#removerow,-,table#mergecells-right,table#mergecells-down,table#mergecells,table#splitcell-horizontal,table#splitcell-vertical,-,table#selectrow,table#selectcolumn,-,table#ensureparagraph,-,table#modifytableandcell,table#removetable,-,undo#undo,undo#redo,-,table#exitTableEditing,-]"/>
                                            </cui>
                                        </uiSettings>
                                    </desc>
                                    
                                    <assetType
                                        jcr:primaryType="nt:unstructured"
                                        sling:resourceType="granite/ui/components/foundation/form/select"
                                        fieldDescription="Choose the asset type"
                                        fieldLabel="Asset Type"
                                        name="./assetType">
                                        <items jcr:primaryType="nt:unstructured">
                                            <image
                                                jcr:primaryType="nt:unstructured"
                                                text="Image"
                                                value="image"/>
                                            <video
                                                jcr:primaryType="nt:unstructured"
                                                text="Video"
                                                value="video"/>
                                        </items>
                                    </assetType>
                                    <videoUrl
                                        jcr:primaryType="nt:unstructured"
                                        sling:resourceType="granite/ui/components/coral/foundation/form/textfield"
                                        fieldDescription="Enter the youtube video link"
                                        fieldLabel="Youtube video link"
                                        name="./youtubeLink"/>
                                    
                                    <desktopImage
                                        jcr:primaryType="nt:unstructured"
                                        sling:resourceType="granite/ui/components/coral/foundation/form/pathfield"
                                        fieldDescription="Choose the desktop image"
                                        fieldLabel="Desktop Image"
                                        name="./desktopImage"
                                        rootPath="/content/dam/eon-uk"/>
                                    <mobileImage
                                        jcr:primaryType="nt:unstructured"
                                        sling:resourceType="granite/ui/components/coral/foundation/form/pathfield"
                                        fieldDescription="Choose the mobile image"
                                        fieldLabel="Mobile Image"
                                        name="./mobileImage"
                                        rootPath="/content/dam/eon-uk"/>
                                    <altText
                                        jcr:primaryType="nt:unstructured"
                                        sling:resourceType="granite/ui/components/coral/foundation/form/textfield"
                                        fieldDescription="Enter the alternate text for the image"
                                        fieldLabel="Alternate text for the image"
                                        name="./altText"/>
                                    <buttonText
                                        jcr:primaryType="nt:unstructured"
                                        sling:resourceType="granite/ui/components/coral/foundation/form/textfield"
                                        fieldDescription="Enter the button text"
                                        fieldLabel="Button Text"
                                        name="./buttonText"/>
                                    <buttonLink
                                        jcr:primaryType="nt:unstructured"
                                        sling:resourceType="granite/ui/components/coral/foundation/form/pathfield"
                                        fieldDescription="Choose the button destination"
                                        fieldLabel="Button Destination"
                                        name="./buttonLink"
                                        rootPath="/content/eon-uk"/>
                                    <linkText
                                        jcr:primaryType="nt:unstructured"
                                        sling:resourceType="granite/ui/components/coral/foundation/form/textfield"
                                        fieldDescription="Enter the link text"
                                        fieldLabel="Link Text"
                                        name="./linkText"/>
                                    <link
                                        jcr:primaryType="nt:unstructured"
                                        sling:resourceType="granite/ui/components/coral/foundation/form/pathfield"
                                        fieldDescription="Choose the link destination"
                                        fieldLabel="Link Destination"
                                        name="./link"
                                        rootPath="/content/eon-uk"/>
                                </items>
                            </column>
                        </items>
                    </panelConfigs>
                    <design
                        jcr:primaryType="nt:unstructured"
                        jcr:title="Design"
                        sling:resourceType="granite/ui/components/coral/foundation/fixedcolumns">
                        <items jcr:primaryType="nt:unstructured">
                            <column
                                jcr:primaryType="nt:unstructured"
                                sling:resourceType="granite/ui/components/foundation/container">
                                <items jcr:primaryType="nt:unstructured">
                                    <bgcolour
                                        jcr:primaryType="nt:unstructured"
                                        sling:resourceType="granite/ui/components/foundation/form/select"
                                        emptyText="Select Background Colour"
                                        fieldDescription="Select the background colour"
                                        fieldLabel="Background Colour"
                                        name="./bgColor"
                                        required="{Boolean}true">
                                        <items jcr:primaryType="nt:unstructured">
                                            <option1
                                                jcr:primaryType="nt:unstructured"
                                                text="Turquoise"
                                                value="bg-turq"/>
                                            <option2
                                                jcr:primaryType="nt:unstructured"
                                                text="Lime Yellow"
                                                value="bg-eonlimeyellow"/>
                                            <option3
                                                jcr:primaryType="nt:unstructured"
                                                text="Bordeaux"
                                                value="bg-bordeaux"/>
                                            <option4
                                                jcr:primaryType="nt:unstructured"
                                                text="E.ON Red"
                                                value="bg-eon-red"/>
                                        </items>
                                    </bgcolour>
                                   <imagePosition
                                        jcr:primaryType="nt:unstructured"
                                        sling:resourceType="granite/ui/components/foundation/form/select"
                                        fieldDescription="Choose the position of the image"
                                        fieldLabel="Image Position"
                                        name="./imagePosition">
                                        <items jcr:primaryType="nt:unstructured">
                                            <left
                                                jcr:primaryType="nt:unstructured"
                                                text="Left"
                                                value=""/>
                                            <right
                                                jcr:primaryType="nt:unstructured"
                                                text="Right"
                                                value="cp-img-right"/>
                                        </items>
                                    </imagePosition>
									<textAnimation
                                        jcr:primaryType="nt:unstructured"
                                        sling:resourceType="granite/ui/components/foundation/form/select"
                                        fieldDescription="Choose if animation is needed for the text"
                                        fieldLabel="Text Animation"
                                        name="./textAnimation">
                                        <items jcr:primaryType="nt:unstructured">
                                            <yes
                                                jcr:primaryType="nt:unstructured"
                                                text="Yes"
                                                value="animate"/>
                                            <no
                                                jcr:primaryType="nt:unstructured"
                                                text="No"
                                                value=""/>
                                        </items>
                                    </textAnimation>
                                </items>
                            </column>
                        </items>
                    </design>
                </items>
            </tabs>
        </items>
    </content>
</jcr:root>
