<?xml version="1.0" encoding="UTF-8"?>
<jcr:root xmlns:sling="http://sling.apache.org/jcr/sling/1.0" xmlns:cq="http://www.day.com/jcr/cq/1.0" xmlns:jcr="http://www.jcp.org/jcr/1.0" xmlns:nt="http://www.jcp.org/jcr/nt/1.0"
    jcr:primaryType="nt:unstructured"
    jcr:title="Footer"
    sling:resourceType="cq/gui/components/authoring/dialog">
    <content
        jcr:primaryType="nt:unstructured"
        sling:resourceType="granite/ui/components/foundation/container">
        <layout
            jcr:primaryType="nt:unstructured"
            sling:resourceType="granite/ui/components/foundation/layouts/tabs"/>
        <items jcr:primaryType="nt:unstructured">
            <design
                jcr:primaryType="nt:unstructured"
                jcr:title="Design"
                sling:resourceType="granite/ui/components/foundation/section">
                <layout
                    jcr:primaryType="nt:unstructured"
                    sling:resourceType="granite/ui/components/foundation/layouts/fixedcolumns"/>
                <items jcr:primaryType="nt:unstructured">
                    <column
                        jcr:primaryType="nt:unstructured"
                        sling:resourceType="granite/ui/components/foundation/container">
                        <items jcr:primaryType="nt:unstructured">
                            <noOfCols
                                jcr:primaryType="nt:unstructured"
                                sling:resourceType="granite/ui/components/foundation/form/select"
                                class="cq-dialog-tab-showhide"
                                cq-dialog-tab-showhide-target=".list-option-tab-showhide-target"
                                fieldDescription="Choose no.of columns"
                                fieldLabel="Number of Columns"
                                name="./noOfCols">
                                <items jcr:primaryType="nt:unstructured">
                                    <none
                                        jcr:primaryType="nt:unstructured"
                                        text="None"
                                        value=""/>
                                    <_x0031_
                                        jcr:primaryType="nt:unstructured"
                                        text="1"
                                        value="one"/>
                                    <_x0032_
                                        jcr:primaryType="nt:unstructured"
                                        text="2"
                                        value="two"/>
                                    <_x0033_
                                        jcr:primaryType="nt:unstructured"
                                        text="3"
                                        value="three"/>
                                    <_x0034_
                                        jcr:primaryType="nt:unstructured"
                                        text="4"
                                        value="four"/>
                                    <_x0035_
                                        jcr:primaryType="nt:unstructured"
                                        text="5"
                                        value="five"/>
                                    <_x0036_
                                        jcr:primaryType="nt:unstructured"
                                        text="6"
                                        value="six"/>
                                </items>
                            </noOfCols>
                        </items>
                    </column>
                </items>
            </design>
            <content
                jcr:primaryType="nt:unstructured"
                jcr:title="Content"
                sling:resourceType="granite/ui/components/foundation/section">
                <layout
                    jcr:primaryType="nt:unstructured"
                    sling:resourceType="granite/ui/components/foundation/layouts/fixedcolumns"/>
                <items jcr:primaryType="nt:unstructured">
                    <column
                        jcr:primaryType="nt:unstructured"
                        sling:resourceType="granite/ui/components/foundation/container">
                        <items jcr:primaryType="nt:unstructured">
                            <copyright
                                jcr:primaryType="nt:unstructured"
                                sling:resourceType="granite/ui/components/coral/foundation/form/textfield"
                                fieldDescription="Enter the Copyright Info"
                                fieldLabel="Copyright Info"
                                name="./copyRight"/>
                            <logo
                                jcr:primaryType="nt:unstructured"
                                sling:resourceType="granite/ui/components/coral/foundation/form/pathfield"
                                fieldDescription="Choose the Logo"
                                fieldLabel="Logo"
                                name="./footerLogo"
                                rootPath="/content/dam/eon-uk"/>
                            <multifieldcollection
                                jcr:primaryType="nt:unstructured"
                                sling:resourceType="granite/ui/components/coral/foundation/form/multifield"
                                class="full-width"
                                composite="{Boolean}true"
                                fieldDescription="Recommended to add maximum 3 links"
                                fieldLabel="Other Links"
                                name="./footerMultiCol">
                                <field
                                    jcr:primaryType="nt:unstructured"
                                    sling:resourceType="granite/ui/components/coral/foundation/container"
                                    name="./otherLinks">
                                    <items jcr:primaryType="nt:unstructured">
                                        <linkText
                                            jcr:primaryType="nt:unstructured"
                                            sling:resourceType="granite/ui/components/coral/foundation/form/textfield"
                                            fieldDescription="Link text of the Footer"
                                            fieldLabel="Link text"
                                            name="./footerOtherLinkText"/>
                                        <linkUrl
                                            jcr:primaryType="nt:unstructured"
                                            sling:resourceType="granite/ui/components/coral/foundation/form/pathfield"
                                            fieldDescription="Browse the page that needs to be linked"
                                            fieldLabel="Link Destination"
                                            name="./footerOtherLinkUrl"
                                            rootPath="/content"/>
                                    </items>
                                </field>
                            </multifieldcollection>
                        </items>
                    </column>
                </items>
            </content>
            <socialIcons
                jcr:primaryType="nt:unstructured"
                jcr:title="Social Icons"
                sling:resourceType="granite/ui/components/foundation/section">
                <layout
                    jcr:primaryType="nt:unstructured"
                    sling:resourceType="granite/ui/components/foundation/layouts/fixedcolumns"/>
                <items jcr:primaryType="nt:unstructured">
                    <column
                        jcr:primaryType="nt:unstructured"
                        sling:resourceType="granite/ui/components/foundation/container">
                        <items jcr:primaryType="nt:unstructured">
                            <multifieldcollection
                                jcr:primaryType="nt:unstructured"
                                sling:resourceType="granite/ui/components/coral/foundation/form/multifield"
                                class="full-width"
                                composite="{Boolean}true"
                                fieldDescription="Click + to add a new page"
                                fieldLabel="Social Links"
                                name="./footerSocialIcons">
                                <field
                                    jcr:primaryType="nt:unstructured"
                                    sling:resourceType="granite/ui/components/coral/foundation/container"
                                    name="./socialIcons">
                                    <items jcr:primaryType="nt:unstructured">
                                        <icon
                                            jcr:primaryType="nt:unstructured"
                                            sling:resourceType="granite/ui/components/foundation/form/select"
                                            fieldDescription="Choose Social Media"
                                            fieldLabel="Social Media Icon"
                                            name="./footerSocialIcon">
                                            <items jcr:primaryType="nt:unstructured">
                                                <_x0031_
                                                    jcr:primaryType="nt:unstructured"
                                                    text="Facebook"
                                                    value="facebook"/>
                                                <_x0032_
                                                    jcr:primaryType="nt:unstructured"
                                                    text="Twitter"
                                                    value="twitter"/>
                                                <_x0033_
                                                    jcr:primaryType="nt:unstructured"
                                                    text="Linked In"
                                                    value="linkedin"/>
                                            </items>
                                        </icon>
                                        <iconUrl
                                            jcr:primaryType="nt:unstructured"
                                            sling:resourceType="granite/ui/components/coral/foundation/form/pathfield"
                                            fieldDescription="Browse the page that needs to be linked"
                                            fieldLabel="Link Destination"
                                            name="./footerSocialIconUrl"
                                            rootPath="/content"/>
                                    </items>
                                </field>
                            </multifieldcollection>
                        </items>
                    </column>
                </items>
            </socialIcons>
            <gerneralLinks
                jcr:primaryType="nt:unstructured"
                jcr:title="General Links"
                sling:resourceType="granite/ui/components/foundation/section">
                <layout
                    jcr:primaryType="nt:unstructured"
                    sling:resourceType="granite/ui/components/foundation/layouts/fixedcolumns"/>
                <items jcr:primaryType="nt:unstructured">
                    <column
                        jcr:primaryType="nt:unstructured"
                        sling:resourceType="granite/ui/components/foundation/container">
                        <items jcr:primaryType="nt:unstructured">
                            <generalLinks
                                jcr:primaryType="nt:unstructured"
                                sling:resourceType="granite/ui/components/coral/foundation/form/multifield"
                                class="full-width"
                                composite="{Boolean}true"
                                fieldDescription="Configure About EON links"
                                fieldLabel="General Links"
                                name="./generalLinks">
                                <field
                                    jcr:primaryType="nt:unstructured"
                                    sling:resourceType="granite/ui/components/coral/foundation/container"
                                    name="./generalLinks">
                                    <items jcr:primaryType="nt:unstructured">
                                        <linkText
                                            jcr:primaryType="nt:unstructured"
                                            sling:resourceType="granite/ui/components/coral/foundation/form/textfield"
                                            fieldDescription="Enter link text"
                                            fieldLabel="Link Text"
                                            name="./footerGeneralLinkText"/>
                                        <linkUrl
                                            jcr:primaryType="nt:unstructured"
                                            sling:resourceType="granite/ui/components/coral/foundation/form/pathfield"
                                            fieldDescription="Browse the page that needs to be linked"
                                            fieldLabel="Link Destination"
                                            name="./footerGeneralLinkUrl"
                                            rootPath="/content"/>
                                    </items>
                                </field>
                            </generalLinks>
                        </items>
                    </column>
                </items>
                <layoutConfig
                    jcr:primaryType="nt:unstructured"
                    class="hide list-option-tab-showhide-target one"/>
            </gerneralLinks>
            <cat1
                jcr:primaryType="nt:unstructured"
                jcr:title="Category 1"
                sling:resourceType="granite/ui/components/foundation/section">
                <layout
                    jcr:primaryType="nt:unstructured"
                    sling:resourceType="granite/ui/components/foundation/layouts/fixedcolumns"/>
                <items jcr:primaryType="nt:unstructured">
                    <column
                        jcr:primaryType="nt:unstructured"
                        sling:resourceType="granite/ui/components/foundation/container">
                        <items jcr:primaryType="nt:unstructured">
                            <linkText
                                jcr:primaryType="nt:unstructured"
                                sling:resourceType="granite/ui/components/coral/foundation/form/textfield"
                                fieldDescription="Link text of the Footer"
                                fieldLabel="Category Header Text"
                                name="./catHeaderText1"/>
                            <linkUrl
                                jcr:primaryType="nt:unstructured"
                                sling:resourceType="granite/ui/components/coral/foundation/form/pathfield"
                                fieldDescription="Browse the page that needs to be linked"
                                fieldLabel="Category Header Url"
                                name="./catHeaderUrl1"
                                rootPath="/content"/>
                            <multifieldcollection
                                jcr:primaryType="nt:unstructured"
                                sling:resourceType="granite/ui/components/coral/foundation/form/multifield"
                                class="full-width"
                                composite="{Boolean}true"
                                fieldDescription="Click + to add a new page"
                                fieldLabel="Footer Sub Category"
                                name="./footerSubMultiCol">
                                <field
                                    jcr:primaryType="nt:unstructured"
                                    sling:resourceType="granite/ui/components/coral/foundation/container"
                                    name="./items">
                                    <items jcr:primaryType="nt:unstructured">
                                        <linkText
                                            jcr:primaryType="nt:unstructured"
                                            sling:resourceType="granite/ui/components/coral/foundation/form/textfield"
                                            fieldDescription="Link text of the Footer"
                                            fieldLabel="Link text"
                                            name="./footerSubLinkText1"/>
                                        <linkUrl
                                            jcr:primaryType="nt:unstructured"
                                            sling:resourceType="granite/ui/components/coral/foundation/form/pathfield"
                                            fieldDescription="Browse the page that needs to be linked"
                                            fieldLabel="Link Destination"
                                            name="./footerSubLinkUrl1"
                                            rootPath="/content"/>
                                    </items>
                                </field>
                            </multifieldcollection>
                        </items>
                    </column>
                </items>
                <layoutConfig
                    jcr:primaryType="nt:unstructured"
                    class="hide list-option-tab-showhide-target two"/>
            </cat1>
            <cat2
                jcr:primaryType="nt:unstructured"
                jcr:title="Category 2"
                sling:resourceType="granite/ui/components/foundation/section">
                <layout
                    jcr:primaryType="nt:unstructured"
                    sling:resourceType="granite/ui/components/foundation/layouts/fixedcolumns"/>
                <items jcr:primaryType="nt:unstructured">
                    <column
                        jcr:primaryType="nt:unstructured"
                        sling:resourceType="granite/ui/components/foundation/container">
                        <items jcr:primaryType="nt:unstructured">
                            <linkText
                                jcr:primaryType="nt:unstructured"
                                sling:resourceType="granite/ui/components/coral/foundation/form/textfield"
                                fieldDescription="Link text of the Footer"
                                fieldLabel="Category Header Text"
                                name="./catHeaderText2"/>
                            <linkUrl
                                jcr:primaryType="nt:unstructured"
                                sling:resourceType="granite/ui/components/coral/foundation/form/pathfield"
                                fieldDescription="Browse the page that needs to be linked"
                                fieldLabel="Category Header Url"
                                name="./catHeaderUrl2"
                                rootPath="/content"/>
                            <multifieldcollection
                                jcr:primaryType="nt:unstructured"
                                sling:resourceType="granite/ui/components/coral/foundation/form/multifield"
                                class="full-width"
                                composite="{Boolean}true"
                                fieldDescription="Click + to add a new page"
                                fieldLabel="Footer Sub Category"
                                name="./footerSubMultiCol">
                                <field
                                    jcr:primaryType="nt:unstructured"
                                    sling:resourceType="granite/ui/components/coral/foundation/container"
                                    name="./items">
                                    <items jcr:primaryType="nt:unstructured">
                                        <linkText
                                            jcr:primaryType="nt:unstructured"
                                            sling:resourceType="granite/ui/components/coral/foundation/form/textfield"
                                            fieldDescription="Link text of the Footer"
                                            fieldLabel="Link text"
                                            name="./footerSubLinkText2"/>
                                        <linkUrl
                                            jcr:primaryType="nt:unstructured"
                                            sling:resourceType="granite/ui/components/coral/foundation/form/pathfield"
                                            fieldDescription="Browse the page that needs to be linked"
                                            fieldLabel="Link Destination"
                                            name="./footerSubLinkUrl2"
                                            rootPath="/content"/>
                                    </items>
                                </field>
                            </multifieldcollection>
                        </items>
                    </column>
                </items>
                <layoutConfig
                    jcr:primaryType="nt:unstructured"
                    class="hide list-option-tab-showhide-target three"/>
            </cat2>
            <cat3
                jcr:primaryType="nt:unstructured"
                jcr:title="Category 3"
                sling:resourceType="granite/ui/components/foundation/section">
                <layout
                    jcr:primaryType="nt:unstructured"
                    sling:resourceType="granite/ui/components/foundation/layouts/fixedcolumns"/>
                <items jcr:primaryType="nt:unstructured">
                    <column
                        jcr:primaryType="nt:unstructured"
                        sling:resourceType="granite/ui/components/foundation/container">
                        <items jcr:primaryType="nt:unstructured">
                            <linkText
                                jcr:primaryType="nt:unstructured"
                                sling:resourceType="granite/ui/components/coral/foundation/form/textfield"
                                fieldDescription="Link text of the Footer"
                                fieldLabel="Category Header Text"
                                name="./catHeaderText3"/>
                            <linkUrl
                                jcr:primaryType="nt:unstructured"
                                sling:resourceType="granite/ui/components/coral/foundation/form/pathfield"
                                fieldDescription="Browse the page that needs to be linked"
                                fieldLabel="Category Header Url"
                                name="./catHeaderUrl3"
                                rootPath="/content"/>
                            <multifieldcollection
                                jcr:primaryType="nt:unstructured"
                                sling:resourceType="granite/ui/components/coral/foundation/form/multifield"
                                class="full-width"
                                composite="{Boolean}true"
                                fieldDescription="Click + to add a new page"
                                fieldLabel="Footer Sub Category"
                                name="./footerSubMultiCol">
                                <field
                                    jcr:primaryType="nt:unstructured"
                                    sling:resourceType="granite/ui/components/coral/foundation/container"
                                    name="./items">
                                    <items jcr:primaryType="nt:unstructured">
                                        <linkText
                                            jcr:primaryType="nt:unstructured"
                                            sling:resourceType="granite/ui/components/coral/foundation/form/textfield"
                                            fieldDescription="Link text of the Footer"
                                            fieldLabel="Link text"
                                            name="./footerSubLinkText3"/>
                                        <linkUrl
                                            jcr:primaryType="nt:unstructured"
                                            sling:resourceType="granite/ui/components/coral/foundation/form/pathfield"
                                            fieldDescription="Browse the page that needs to be linked"
                                            fieldLabel="Link Destination"
                                            name="./footerSubLinkUrl3"
                                            rootPath="/content"/>
                                    </items>
                                </field>
                            </multifieldcollection>
                        </items>
                    </column>
                </items>
                <layoutConfig
                    jcr:primaryType="nt:unstructured"
                    class="hide list-option-tab-showhide-target four"/>
            </cat3>
            <cat4
                jcr:primaryType="nt:unstructured"
                jcr:title="Category 4"
                sling:resourceType="granite/ui/components/foundation/section">
                <layout
                    jcr:primaryType="nt:unstructured"
                    sling:resourceType="granite/ui/components/foundation/layouts/fixedcolumns"/>
                <items jcr:primaryType="nt:unstructured">
                    <column
                        jcr:primaryType="nt:unstructured"
                        sling:resourceType="granite/ui/components/foundation/container">
                        <items jcr:primaryType="nt:unstructured">
                            <linkText
                                jcr:primaryType="nt:unstructured"
                                sling:resourceType="granite/ui/components/coral/foundation/form/textfield"
                                fieldDescription="Link text of the Footer"
                                fieldLabel="Category Header Text"
                                name="./catHeaderText4"/>
                            <linkUrl
                                jcr:primaryType="nt:unstructured"
                                sling:resourceType="granite/ui/components/coral/foundation/form/pathfield"
                                fieldDescription="Browse the page that needs to be linked"
                                fieldLabel="Category Header Url"
                                name="./catHeaderUrl4"
                                rootPath="/content"/>
                            <multifieldcollection
                                jcr:primaryType="nt:unstructured"
                                sling:resourceType="granite/ui/components/coral/foundation/form/multifield"
                                class="full-width"
                                composite="{Boolean}true"
                                fieldDescription="Click + to add a new page"
                                fieldLabel="Footer Sub Category"
                                name="./footerSubMultiCol">
                                <field
                                    jcr:primaryType="nt:unstructured"
                                    sling:resourceType="granite/ui/components/coral/foundation/container"
                                    name="./items">
                                    <items jcr:primaryType="nt:unstructured">
                                        <linkText
                                            jcr:primaryType="nt:unstructured"
                                            sling:resourceType="granite/ui/components/coral/foundation/form/textfield"
                                            fieldDescription="Link text of the Footer"
                                            fieldLabel="Link text"
                                            name="./footerSubLinkText4"/>
                                        <linkUrl
                                            jcr:primaryType="nt:unstructured"
                                            sling:resourceType="granite/ui/components/coral/foundation/form/pathfield"
                                            fieldDescription="Browse the page that needs to be linked"
                                            fieldLabel="Link Destination"
                                            name="./footerSubLinkUrl4"
                                            rootPath="/content"/>
                                    </items>
                                </field>
                            </multifieldcollection>
                        </items>
                    </column>
                </items>
                <layoutConfig
                    jcr:primaryType="nt:unstructured"
                    class="hide list-option-tab-showhide-target five"/>
            </cat4>
            <cat5
                jcr:primaryType="nt:unstructured"
                jcr:title="Category 5"
                sling:resourceType="granite/ui/components/foundation/section">
                <layout
                    jcr:primaryType="nt:unstructured"
                    sling:resourceType="granite/ui/components/foundation/layouts/fixedcolumns"/>
                <items jcr:primaryType="nt:unstructured">
                    <column
                        jcr:primaryType="nt:unstructured"
                        sling:resourceType="granite/ui/components/foundation/container">
                        <items jcr:primaryType="nt:unstructured">
                            <linkText
                                jcr:primaryType="nt:unstructured"
                                sling:resourceType="granite/ui/components/coral/foundation/form/textfield"
                                fieldDescription="Link text of the Footer"
                                fieldLabel="Category Header Text"
                                name="./catHeaderText5"/>
                            <linkUrl
                                jcr:primaryType="nt:unstructured"
                                sling:resourceType="granite/ui/components/coral/foundation/form/pathfield"
                                fieldDescription="Browse the page that needs to be linked"
                                fieldLabel="Category Header Url"
                                name="./catHeaderUrl5"
                                rootPath="/content"/>
                            <multifieldcollection
                                jcr:primaryType="nt:unstructured"
                                sling:resourceType="granite/ui/components/coral/foundation/form/multifield"
                                class="full-width"
                                composite="{Boolean}true"
                                fieldDescription="Click + to add a new page"
                                fieldLabel="Footer Sub Category"
                                name="./footerSubMultiCol">
                                <field
                                    jcr:primaryType="nt:unstructured"
                                    sling:resourceType="granite/ui/components/coral/foundation/container"
                                    name="./items">
                                    <items jcr:primaryType="nt:unstructured">
                                        <linkText
                                            jcr:primaryType="nt:unstructured"
                                            sling:resourceType="granite/ui/components/coral/foundation/form/textfield"
                                            fieldDescription="Link text of the Footer"
                                            fieldLabel="Link text"
                                            name="./footerSubLinkText5"/>
                                        <linkUrl
                                            jcr:primaryType="nt:unstructured"
                                            sling:resourceType="granite/ui/components/coral/foundation/form/pathfield"
                                            fieldDescription="Browse the page that needs to be linked"
                                            fieldLabel="Link Destination"
                                            name="./footerSubLinkUrl5"
                                            rootPath="/content"/>
                                    </items>
                                </field>
                            </multifieldcollection>
                        </items>
                    </column>
                </items>
                <layoutConfig
                    jcr:primaryType="nt:unstructured"
                    class="hide list-option-tab-showhide-target six"/>
            </cat5>
        </items>
    </content>
</jcr:root>
