<?xml version="1.0" encoding="UTF-8"?>
<jcr:root xmlns:sling="http://sling.apache.org/jcr/sling/1.0" xmlns:cq="http://www.day.com/jcr/cq/1.0" xmlns:jcr="http://www.jcp.org/jcr/1.0" xmlns:nt="http://www.jcp.org/jcr/nt/1.0"
    jcr:primaryType="nt:unstructured"
    jcr:title="Switch footer"
    sling:resourceType="cq/gui/components/authoring/dialog">
    <content
        jcr:primaryType="nt:unstructured"
        sling:resourceType="granite/ui/components/foundation/container">
        <layout
            jcr:primaryType="nt:unstructured"
            sling:resourceType="granite/ui/components/foundation/layouts/tabs"/>
        <items jcr:primaryType="nt:unstructured">
            <switchfooter
                jcr:primaryType="nt:unstructured"
                jcr:title="Content"
                sling:resourceType="granite/ui/components/foundation/section">
                <layout
                    jcr:primaryType="nt:unstructured"
                    sling:resourceType="granite/ui/components/foundation/layouts/fixedcolumns"/>
                <items jcr:primaryType="nt:unstructured">
                    <column
                        jcr:primaryType="nt:unstructured"
                        sling:resourceType="granite/ui/components/foundation/container">
                        <items jcr:primaryType="nt:unstructured">
                            <footer
                                jcr:primaryType="nt:unstructured"
                                sling:resourceType="granite/ui/components/foundation/form/select"
                                fieldDescription="Choose Option"
                                fieldLabel="Choose Residetial or Business Footer"
                                id="footerSection"
                                name="./footerSection"
                                required="true">
                                <items jcr:primaryType="nt:unstructured">
                                    <none
                                        jcr:primaryType="nt:unstructured"
                                        text="None"
                                        value=""/>
                                    <residential
                                        jcr:primaryType="nt:unstructured"
                                        text="Residential Footer"
                                        value="Residential"/>
                                    <busssiness
                                        jcr:primaryType="nt:unstructured"
                                        text="Business Footer"
                                        value="Business"/>
                                </items>
                            </footer>
                            
                        </items>
                    </column>
                </items>
            </switchfooter>
            
        </items>
    </content>
</jcr:root>
