<?xml version="1.0" encoding="UTF-8"?>
<jcr:root xmlns:sling="http://sling.apache.org/jcr/sling/1.0" xmlns:granite="http://www.adobe.com/jcr/granite/1.0" xmlns:cq="http://www.day.com/jcr/cq/1.0" xmlns:jcr="http://www.jcp.org/jcr/1.0" xmlns:nt="http://www.jcp.org/jcr/nt/1.0"
    jcr:primaryType="nt:unstructured"
    jcr:title="GTM Configs"
    sling:resourceType="granite/ui/components/coral/foundation/fixedcolumns">
    <items jcr:primaryType="nt:unstructured">
        <column
            jcr:primaryType="nt:unstructured"
            sling:resourceType="granite/ui/components/coral/foundation/container">
            <items jcr:primaryType="nt:unstructured">
                <moretitles
                    cq:showOnCreate="{Boolean}true"
                    jcr:primaryType="nt:unstructured"
                    jcr:title="More Titles and Description"
                    sling:resourceType="granite/ui/components/coral/foundation/form/fieldset">
                    <items jcr:primaryType="nt:unstructured">
                        <disablegtm
                            jcr:primaryType="nt:unstructured"
                            sling:resourceType="granite/ui/components/coral/foundation/form/checkbox"
                            name="./disableGTM"
                            renderReadOnly="{Boolean}true"
                            text="Enable GTM configs for site"
                            value="true">
                            <granite:data
                                jcr:primaryType="nt:unstructured"
                                allowBulkEdit="{Boolean}true"
                                cq-msm-lockable="hideInNav"/>
                        </disablegtm>
                    </items>
                </moretitles>
            </items>
        </column>
    </items>
</jcr:root>
